Imagens com Bolinha,Imagens sem Bolinha
60575003.jpg,81876001.jpg
81859004.jpg,81876001_1.jpg
81876007_1.jpg,81876001_2.jpg
81946012.jpg,81876001_3.jpg
81960004.jpg,81876007.jpg
87041001.jpg,81876007_2.jpg
89253001.jpg,81876007_3.jpg
89408004.jpg,85465001.jpg
89410002.jpg,85465001_1.jpg
89417001.jpg,85465002.jpg
89417001_1.jpg,85465002_1.jpg
89427001.jpg,89417002.jpg
89427001_1.jpg,89417002_1.jpg
89981001.jpg,90000001.jpg
90030001.jpg,90000001_1.jpg
90060002.jpg,90000001_2.jpg
91389001.jpg,90000002.jpg
91394001.jpg,90000002_1.jpg
91513001.jpg,90000002_2.jpg
91531002.jpg,90000004.jpg
91565001.jpg,90000004_1.jpg
91581001.jpg,90000004_2.jpg
91593001.jpg,90509001.jpg
91600001.jpg,90509001_1.jpg
91749001.jpg,90509001_2.jpg
91752001.jpg,90534001.jpg
91760001.jpg,90534001_1.jpg
91795001.jpg,90534001_2.jpg
91862001.jpg,92411002.jpg
92411002_1.jpg,92411002_2.jpg
92510001.jpg,93442001.jpg
92640001.jpg,93442001_1.jpg
93206001.jpg,93442001_2.jpg
93305001.jpg,
93382001.jpg,
93382001_1.jpg,
93384001.jpg,
93384001_1.jpg,
93412001.jpg,
93412001_1.jpg,
93429001.jpg,
93429001_1.jpg,
94211001.jpg,
94282001.jpg,
94414001.jpg,
